Validation Metric	Value
Rand	0.4605171208944794
HA	0.01724726897484245
MA	0.032313641607961685
FM	0.47943003143157886
Jaccard	0.2943327239488117
