Database	Taxonomic_Level	Min_Support	Test	Term	Degrees of Freedom	Sum of Squares	Mean of Squares	Test Statistic	p value
nt	genus	0.07	anova	Groups	3	1066681.7355071374	355560.5785023791	3.3092187817834207	0.02393594
nt	genus	0.07	anova	Residuals	85	9132865.23667513	107445.47337264859	NA	NA
nt	species	0.04	anova	Groups	3	586809.5492552788	195603.18308509293	2.415119890507197	0.07210576
nt	species	0.04	anova	Residuals	85	6884242.321709847	80991.0861377629	NA	NA
refseq	genus	0.07	anova	Groups	3	1325632.9399755327	441877.6466585109	3.040123709766111	0.03429408
refseq	genus	0.07	anova	Residuals	73	10610445.917858047	145348.57421723352	NA	NA
refseq	species	0.04	anova	Groups	3	538881.2908953354	179627.0969651118	1.6319811118769314	0.18936635
refseq	species	0.04	anova	Residuals	73	8034883.481814465	110066.89701115705	NA	NA
