pairs	mean_SumsOfSqs	sd_SumsOfSqs	mean_F.Model	sd_F.Model	mean_R2	sd_R2	mean_p.value	sd_p.value	mean_p.adjusted	sd_p.adjusted	bootstraps
Gorilla vs Homo	1705568.2661682153	888506.6112441781	4.932397501068301	2.335819471312522	0.20778949074820446	0.07300581449610019	0.00967	0.02001164055183276	0.02901	0.06003492165549834	100
Gorilla vs Pan	3531373.0465536155	1403399.1143442588	15.483878903913013	4.563505233491645	0.4529726206346047	0.07101636332204968	0.00101	1e-4	0.00303	3.000000000000001e-4	100
Homo vs Pan	1308007.7646423753	581882.2609048415	5.950475430217266	1.9318549507332654	0.24387336199022414	0.05762220312010079	0.00127	9.412542674323432e-4	0.00381	0.002823762802297024	100
