pairs	mean_SumsOfSqs	sd_SumsOfSqs	mean_F.Model	sd_F.Model	mean_R2	sd_R2	mean_p.value	sd_p.value	mean_p.adjusted	sd_p.adjusted	bootstraps
Control vs Gorilla	644620.4961617155	260672.45505317298	5.53061862062241	2.532312680875998	0.2270480251249198	0.07600477140744658	0.01179	0.03082904802325563	0.06566	0.15261228487559414	100
Control vs Homo	482700.4284683401	157298.74956540304	4.282966986560308	1.8838062046333925	0.18695972948534859	0.06315554775921306	0.0165	0.048662204029514516	0.08182	0.15448555095718644	100
Control vs Pan	837085.718043762	347623.85276902735	11.62067320771927	5.7258008800358375	0.3724343717923013	0.10673338948666147	0.00135	0.001157976291168819	0.0081	0.006947857747012897	100
Gorilla vs Homo	367465.58437759225	136331.45955372948	3.029053006207814	1.0543572478140986	0.14197515281492232	0.04172788818212171	0.03621	0.05091452433126315	0.2074	0.26781925157678915	100
Gorilla vs Pan	934949.4034947545	361670.7190031446	11.836120018998354	4.472839351395934	0.3847094220289174	0.08235669524495162	0.0011	4.143877070053745e-4	0.0066	0.002486326242032246	100
Homo vs Pan	692128.9122910117	280491.8541793627	9.032383392083512	3.3571376032311617	0.32500725473972464	0.0751305908307025	0.00113	4.852365870939095e-4	0.0067800000000000004	0.0029114195225634575	100
