pairs	mean_SumsOfSqs	sd_SumsOfSqs	mean_F.Model	sd_F.Model	mean_R2	sd_R2	mean_p.value	sd_p.value	mean_p.adjusted	sd_p.adjusted	bootstraps
Gorilla vs Homo	759975.4391844078	428804.54781391204	3.195228149005642	1.366535843747257	0.1474361662988247	0.05212888144278192	0.03856	0.05895064191184166	0.11568	0.1768519257355249	100
Gorilla vs Pan	1915856.3475521787	842147.6180058881	12.492782965060758	5.053184245461017	0.39582595266959	0.08697245587193979	0.0010400000000000001	2.4287836253956236e-4	0.00312	7.286350876186851e-4	100
Homo vs Pan	907345.1449096177	398610.54767845443	6.64390645069761	2.6859308252671443	0.2615966540308632	0.07504539584804448	0.00388	0.011037383674759108	0.01164	0.03311215102427729	100
