pairs	mean_SumsOfSqs	sd_SumsOfSqs	mean_F.Model	sd_F.Model	mean_R2	sd_R2	mean_p.value	sd_p.value	mean_p.adjusted	sd_p.adjusted	bootstraps
Gorilla vs Homo	1380699.1725353037	531035.3686108978	2.451890430539234	1.039072844534022	0.1177163126120526	0.0432054922651678	0.09161	0.09301090356414236	0.27179	0.27004639687403054	100
Gorilla vs Pan	3157746.7771072816	1094876.7815055498	8.518647983519456	3.0003848368219264	0.3132193328367455	0.07230311582715634	0.00202	0.0018908605277369176	0.00606	0.00567258158321075	100
Homo vs Pan	2012640.767859328	890111.5290297806	6.873275442901673	2.824335752981281	0.26846088709657684	0.0715625375484615	0.0017800000000000001	0.0028411834210981895	0.00534	0.008523550263294573	100
