pairs	mean_SumsOfSqs	sd_SumsOfSqs	mean_F.Model	sd_F.Model	mean_R2	sd_R2	mean_p.value	sd_p.value	mean_p.adjusted	sd_p.adjusted	bootstraps
Control vs Gorilla	232792.544595183	70738.1106461574	6.318060477168191	2.618457206677446	0.2521419302779427	0.07298175965181945	0.00321	0.006080761183080335	0.01926	0.03648456709848204	100
Control vs Homo	147927.0126436726	54951.55789352629	4.085505188302624	1.9579045127601091	0.17884044383653508	0.0703612585095894	0.03895	0.07244438828466558	0.1937	0.30888883620375973	100
Control vs Pan	290278.6316098243	82458.78629180821	16.48390364429781	8.147650294920904	0.4533926877456641	0.1110519310951595	0.0010400000000000001	1.9694638556693242e-4	0.00624	0.0011816783134015935	100
Gorilla vs Homo	179299.29695599663	79253.36864501424	3.5209792170319436	1.5390263852721324	0.1596174263770592	0.05660735496553644	0.02951	0.050481218629738284	0.1644	0.24447296436013177	100
Gorilla vs Pan	433693.06538153696	163986.3012362277	14.0309847764248	5.519511405529243	0.4221794271953567	0.09479195740106203	0.0010400000000000001	2.4287836253956223e-4	0.00624	0.0014572701752373711	100
Homo vs Pan	215493.22570991295	91711.73527042114	6.718712734013194	2.279120603363598	0.2660372125134948	0.06368172462010745	0.00151	0.0018613289485057344	0.00906	0.011167973691034372	100
