pairs	mean_SumsOfSqs	sd_SumsOfSqs	mean_F.Model	sd_F.Model	mean_R2	sd_R2	mean_p.value	sd_p.value	mean_p.adjusted	sd_p.adjusted	bootstraps
Control vs Gorilla	307257.3909264648	101245.22956811095	5.537340680605694	2.330984931529692	0.2282876910858363	0.07177707068240977	0.01093	0.02728608443951611	0.06538000000000001	0.1625468249552426	100
Control vs Homo	208606.69596477292	82963.26222635033	3.8121832225650367	1.7921902868554132	0.1694763344647971	0.06539690650011765	0.04497	0.08709746717258074	0.20724	0.2924663192211847	100
Control vs Pan	353650.1853363452	128572.47847379702	10.99976278408272	4.524395166588288	0.36557724356468785	0.09071314347075105	0.00124	6.834257143762639e-4	0.0074400000000000004	0.004100554286257585	100
Gorilla vs Homo	165284.76900981143	84985.65874729014	2.657177125963135	1.5193069398054464	0.1243199814582717	0.05948585089828343	0.10776	0.13693455784174108	0.42392	0.38385960396420393	100
Gorilla vs Pan	442282.91388797865	165038.03988389557	11.27800697496934	4.903130190497034	0.3711620164247388	0.08670757069396799	0.0012000000000000001	6.195469181897232e-4	0.0072	0.0037172815091383402	100
Homo vs Pan	230852.10933452504	103874.18578657655	5.788221327692075	1.9956054310878095	0.2382507124572955	0.06145360484268563	0.00289	0.009823590448147219	0.01734	0.05894154268888332	100
