pairs	mean_SumsOfSqs	sd_SumsOfSqs	mean_F.Model	sd_F.Model	mean_R2	sd_R2	mean_p.value	sd_p.value	mean_p.adjusted	sd_p.adjusted	bootstraps
Control vs Gorilla	535096.0392155248	191257.12619228405	6.926184670560391	3.09789010980916	0.26779712614659495	0.08290027374233998	0.00494	0.011345643937813147	0.02964	0.06807386362687892	100
Control vs Homo	309197.00525553094	127325.38598114181	4.023376470788615	1.9813489899530596	0.17662305861764388	0.06856641761177337	0.034910000000000004	0.08200998892103499	0.16428	0.27758584367013495	100
Control vs Pan	546179.5951869739	216760.90257643428	10.518457541119696	4.514415328390723	0.35420298982509096	0.09546970894960409	0.00206	0.005058885572171341	0.012360000000000001	0.030353313433028026	100
Gorilla vs Homo	232623.50299871576	113447.01817011675	2.628829193728477	1.3327718104845598	0.12412991883939818	0.05191508192258049	0.0826	0.11877395558476835	0.35588000000000003	0.3418493755377586	100
Gorilla vs Pan	710528.0468400766	280451.47155294067	11.401095790364337	3.973602894617519	0.37715273694059215	0.08036114673326619	0.0012000000000000001	0.0010540925533894599	0.0072	0.006324555320336761	100
Homo vs Pan	414665.0269133705	185000.86907340318	6.663737823531236	2.654254512873133	0.26275729628966943	0.07077187022968721	0.0026	0.0068046330028172924	0.015600000000000001	0.04082779801690375	100
