pairs	mean_SumsOfSqs	sd_SumsOfSqs	mean_F.Model	sd_F.Model	mean_R2	sd_R2	mean_p.value	sd_p.value	mean_p.adjusted	sd_p.adjusted	bootstraps
Gorilla vs Homo	1585706.068688626	586020.3419546979	3.7138267910200775	1.8831471625391105	0.16533247974416262	0.06683965313449994	0.03752	0.05254848266413627	0.11256	0.15764544799240882	100
Gorilla vs Pan	3302314.949040646	961083.5620569495	12.511944480145885	5.530936718675065	0.393229889715002	0.09671815075640099	0.00134	0.0017765020675359754	0.00402	0.005329506202607926	100
Homo vs Pan	1430046.7884481072	505416.4588336371	6.148342605789499	2.9700934103850694	0.24507261430833077	0.07964820378118942	0.00457	0.011535851012641355	0.01371	0.03460755303792407	100
