pairs	mean_SumsOfSqs	sd_SumsOfSqs	mean_F.Model	sd_F.Model	mean_R2	sd_R2	mean_p.value	sd_p.value	mean_p.adjusted	sd_p.adjusted	bootstraps
Gorilla vs Homo	2357946.442019871	941084.4628364004	3.1353601775567506	1.257676791042187	0.14545769777046483	0.049152867879314194	0.04216	0.06767281954411611	0.12457	0.19358141110982927	100
Gorilla vs Pan	5197753.305344749	1494037.684604261	10.687442471468135	4.207318308016015	0.3616150074476996	0.07750923765551623	0.00109	3.509007169147899e-4	0.00327	0.0010527021507443686	100
Homo vs Pan	3255330.4568663193	1233847.83661651	7.998758269704175	2.5148388945730944	0.3016006383338097	0.06367390392862683	0.0010400000000000001	1.9694638556693253e-4	0.00312	5.908391567007961e-4	100
