pairs	mean_SumsOfSqs	sd_SumsOfSqs	mean_F.Model	sd_F.Model	mean_R2	sd_R2	mean_p.value	sd_p.value	mean_p.adjusted	sd_p.adjusted	bootstraps
Control vs Gorilla	357071.1787104581	119656.15532627396	4.373180096060224	2.158578149568721	0.188805225583041	0.07060557844295309	0.02591	0.04975883150890214	0.14344	0.2515712369741963	100
Control vs Homo	320027.4094102449	103912.77877938557	4.3085196130736705	1.9475825065364807	0.18743065575106016	0.06651596336670851	0.022770000000000002	0.06276295874079697	0.11156	0.2018012984110956	100
Control vs Pan	548855.4247658133	167839.9099996203	11.303089546539148	3.6768333536630826	0.37649070068191487	0.07534457174617283	0.0013	0.0019822444171425815	0.0078000000000000005	0.011893466502855481	100
Gorilla vs Homo	245674.47363188217	84089.69841326802	2.930739939493697	1.0708496824765328	0.13787140604717893	0.04254589625735338	0.04684	0.05882463580658855	0.26512	0.30168433834059066	100
Gorilla vs Pan	601284.2486888445	182789.76217953928	11.100162858365636	4.154820304620509	0.36974818830956613	0.08380613497662841	0.00115	4.793724854411017e-4	0.0069	0.0028762349126466116	100
Homo vs Pan	361350.2899018916	149728.06019597716	7.63000847049811	2.7856033723935454	0.2902187424803103	0.070228987846242	0.00122	9.70056751437822e-4	0.00732	0.005820340508626934	100
