pairs	mean_SumsOfSqs	sd_SumsOfSqs	mean_F.Model	sd_F.Model	mean_R2	sd_R2	mean_p.value	sd_p.value	mean_p.adjusted	sd_p.adjusted	bootstraps
Gorilla vs Homo	1310431.258613183	795118.9106503035	3.14145846632018	1.5640206431265569	0.144287582340683	0.059000950409635516	0.06041	0.08641584859786361	0.17396	0.22772848089358746	100
Gorilla vs Pan	3447035.4221784477	1492569.9918935504	11.561230903427353	3.916394976595145	0.38119273912938506	0.07654727123359517	0.0011200000000000001	4.980771105770754e-4	0.00336	0.0014942313317312262	100
Homo vs Pan	1721096.8228941476	812320.981085932	6.144881662585701	1.8514505540404058	0.250301269697561	0.05559552563664402	0.00158	0.002366346542583305	0.00474	0.007099039627749917	100
